"participant","parameter","mean","median","sd","q2.5","q97.5","rhat","ess_bulk","ess_tail","model"
1,"alpha",4.62002980825,4.63560605,0.654490802014491,3.32610269,5.8901172725,1.00002567064253,3656.59165076527,1989.64937458077,"log_trunc_global_eta_unaware"
1,"beta",-0.243208532672313,-0.24259519,0.189300904280533,-0.61120971175,0.12923256725,1.00060276047947,3659.26928326199,2503.37431801699,"log_trunc_global_eta_unaware"
1,"lambda",0.34571760529,0.34478155,0.0689819233570111,0.21542599525,0.48844402975,1.00119163412668,4510.02505231795,2637.61283854387,"log_trunc_global_eta_unaware"
1,"delta",0.499293586625988,0.48851307,0.299517379906507,0.00464134984,1.1182615925,1.00732215469726,2066.84799662673,1202.99659893179,"log_trunc_global_eta_unaware"
1,"eta",-1.4390613500725,-1.41293205,0.4213913773984,-2.35576787,-0.6766713255,1.00468465979113,3350.64656308806,2613.71804697382,"log_trunc_global_eta_unaware"
2,"alpha",0.74847847162568,0.701958225,0.456491731218799,0.027203724925,1.734773745,1.00134131033982,2721.65538928463,2410.33339404511,"log_trunc_global_eta_unaware"
2,"beta",0.56949147299775,0.56629069,0.170752066357991,0.2502857945,0.914627661,1.00076933487783,4084.22462680568,2919.00106134031,"log_trunc_global_eta_unaware"
2,"lambda",0.54725285698725,0.528630605,0.168130154115989,0.268729037,0.9310403135,1.00075538094208,3029.52457166519,1374.29439304624,"log_trunc_global_eta_unaware"
2,"delta",1.395200937025,1.36618375,0.278861829420619,0.893511566,1.9893456075,1.00130274288195,931.987386882284,1057.83851133194,"log_trunc_global_eta_unaware"
2,"eta",-0.521951428443218,-0.35765611,1.15167892689831,-3.40633484,1.3059523825,1.0011383432089,904.543599101988,902.800596702387,"log_trunc_global_eta_unaware"
3,"alpha",2.5090594258,2.49809305,0.408174301588825,1.74452504,3.3424573525,1.00156262324901,4408.92381460748,2958.68602397915,"log_trunc_global_eta_unaware"
3,"beta",0.325986995267125,0.322560125,0.110216367256771,0.1137807415,0.54816603475,1.00233435222515,3981.46244734892,2924.14530857032,"log_trunc_global_eta_unaware"
3,"lambda",0.00782952816858729,0.0030208048,0.0113383262058262,4.072811335e-08,0.04006761845,1.00053418547911,3534.40518301475,2560.64107293434,"log_trunc_global_eta_unaware"
3,"delta",1.09177576070108,1.1855338,0.479220825963939,0.0596057883,1.9464823425,1.00564516188332,758.622708169418,1300.78889801832,"log_trunc_global_eta_unaware"
3,"eta",-1.40638715251115,-1.39734345,0.494249510132562,-2.4499810525,-0.4351522115,1.00581753610089,3743.32170536803,2139.04015672555,"log_trunc_global_eta_unaware"
4,"alpha",0.350112857369278,0.28507921,0.296596958619554,0.0024484247775,1.079658925,1.00173521510945,3776.0265723796,2570.18335114697,"log_trunc_global_eta_unaware"
4,"beta",1.4223757703725,1.40741055,0.231983469246168,1.0009123875,1.906395255,1.00107324460332,3989.19249676561,2956.59702627449,"log_trunc_global_eta_unaware"
4,"lambda",0.072093131729139,0.068960245,0.0464884261295959,0.000176447493,0.171863536,1.00119354578248,2311.40490743051,1225.05527343019,"log_trunc_global_eta_unaware"
4,"delta",1.8676968571525,1.9323529,0.222219159729095,0.97366407175,1.9998476875,1.02392000786098,114.825295454663,26.7021971400324,"log_trunc_global_eta_unaware"
4,"eta",0.708930071570545,0.67237672,0.677791260484775,-0.50569179375,2.1402874475,1.00107997152861,1719.85988880369,1845.86106514671,"log_trunc_global_eta_unaware"
5,"alpha",0.361596152248725,0.332643675,0.242572081360703,0.00532810784,0.90872157225,1.00003156968199,3528.33052653022,2517.73173608691,"log_trunc_global_eta_unaware"
5,"beta",0.470935832975,0.46754644,0.104593263627431,0.27433790475,0.687704918,0.999736671960686,4381.1036000796,3240.535130489,"log_trunc_global_eta_unaware"
5,"lambda",0.0378823388576079,0.0207424315,0.0450331242257332,5.58739517000001e-07,0.15729348625,1.00043183797876,2971.0605596524,1850.20143461776,"log_trunc_global_eta_unaware"
5,"delta",0.537732670820195,0.55745796,0.197453905953053,0.073855498225,0.88906295375,1.00029950894964,3246.67825156204,1475.48709651513,"log_trunc_global_eta_unaware"
5,"eta",-0.393859681265393,-0.39222382,0.457653784912068,-1.29048248,0.482237053,1.0033453226804,3855.16405358787,2861.09436035483,"log_trunc_global_eta_unaware"
6,"alpha",3.652442761725,3.61925835,0.653397265790247,2.4920704375,5.020480145,0.999758502122809,3581.16873738427,2227.5763714272,"log_trunc_global_eta_unaware"
6,"beta",0.65894190390055,0.659621775,0.182666780438149,0.31186707225,1.02152094,1.00123495671236,4666.5779610631,2602.38966687823,"log_trunc_global_eta_unaware"
6,"lambda",0.131441705703077,0.130300955,0.0423678547984788,0.0486606804,0.219219402,1.0008772843869,2727.47269023737,1277.86967415869,"log_trunc_global_eta_unaware"
6,"delta",0.188353666608343,0.121945365,0.210289514299804,6.5353467675e-05,0.86106829425,1.00201233729275,2915.16337408342,1807.86871494736,"log_trunc_global_eta_unaware"
6,"eta",-0.9445430310162,-0.94707927,0.379275190914161,-1.691917995,-0.2206240595,0.999922515117655,4726.58474161243,3030.17124598895,"log_trunc_global_eta_unaware"
7,"alpha",5.207464070075,5.32395905,0.609846207996929,3.8285347625,5.9934081275,1.00059901704423,3536.33850065457,2732.78967514413,"log_trunc_global_eta_unaware"
7,"beta",0.307860369468528,0.30225718,0.205512158164273,-0.07517608925,0.74224221425,1.003032759203,2599.48639747519,2547.97714067474,"log_trunc_global_eta_unaware"
7,"lambda",0.248626053673,0.24611782,0.0479380862424214,0.16065162675,0.3498662045,0.999867949623973,4445.08361265895,3891.1143067156,"log_trunc_global_eta_unaware"
7,"delta",0.391037540759846,0.29041987,0.346289637910776,0.000732047057,1.16586337,1.00571688378544,1112.00145466372,1029.37004939611,"log_trunc_global_eta_unaware"
7,"eta",-1.26044760625513,-1.15769155,0.608439985296587,-2.73053628,-0.30903252175,1.0041356018191,1545.4639421574,1634.62913722176,"log_trunc_global_eta_unaware"
8,"alpha",0.385446917614323,0.32621229,0.30087581157811,0.004283075845,1.1051006525,1.00149375671277,3351.22014010045,2338.13382033685,"log_trunc_global_eta_unaware"
8,"beta",1.67960885492,1.6514843,0.295524672666771,1.17167773,2.3099388725,1.0003661959008,2942.4094573256,2894.12771811868,"log_trunc_global_eta_unaware"
8,"lambda",0.0759556270308287,0.077537827,0.0392755211108086,0.0011812583275,0.14961722375,1.00070929462316,2407.86907105448,1414.50543011535,"log_trunc_global_eta_unaware"
8,"delta",0.486399546912973,0.39353407,0.387942272335976,0.0010061208825,1.1894610075,1.00254379778749,1767.52842910823,3214.98428721117,"log_trunc_global_eta_unaware"
8,"eta",-1.1816406219029,-1.15037205,0.490048896402609,-2.2060258525,-0.28820268675,1.00039559491758,2225.96347517997,2550.46994974027,"log_trunc_global_eta_unaware"
9,"alpha",3.08591272098,3.05107005,0.836760252440407,1.5866812425,4.890650415,1.00026825730231,2541.43849774955,2697.14413083071,"log_trunc_global_eta_unaware"
9,"beta",2.108048865625,2.0755884,0.379928585158469,1.4690242125,2.9469179,1.0001625261667,3868.21182378543,3040.61924563923,"log_trunc_global_eta_unaware"
9,"lambda",0.034814487755485,0.033307902,0.0248316013188455,2.5468001825e-05,0.0857523249,1.003951241717,2497.19604377816,1584.86631939775,"log_trunc_global_eta_unaware"
9,"delta",1.0626833923206,1.1453495,0.626485769754068,0.01500937875,1.9940752125,1.00261870123535,638.651637162221,2115.87740965629,"log_trunc_global_eta_unaware"
9,"eta",-1.14056397116864,-0.982130615,0.8959927292958,-3.202327665,0.2657014495,1.00235050531483,1167.30333978042,1679.43312323629,"log_trunc_global_eta_unaware"
10,"alpha",4.056235446775,4.01160865,0.725215732997966,2.727246365,5.5556772825,1.00009674577357,4109.75646047311,2330.82610769379,"log_trunc_global_eta_unaware"
10,"beta",0.4971560286114,0.49457077,0.171191849345714,0.17784535375,0.8427704335,0.999891184987057,5187.13939451355,2649.2642114804,"log_trunc_global_eta_unaware"
10,"lambda",0.2007805239006,0.2003344,0.0481881217453048,0.108896736,0.2963822155,0.999689287092152,4607.86365860335,3325.68398787281,"log_trunc_global_eta_unaware"
10,"delta",0.529360869183036,0.5412465,0.240550430358838,0.03836325095,0.97276351125,1.00032675277422,3453.79104138944,1798.22773100104,"log_trunc_global_eta_unaware"
10,"eta",-0.85219483085575,-0.85529822,0.414840760544853,-1.6624403025,-0.0488486607499998,1.00169260244703,5277.13531769438,2952.52798128724,"log_trunc_global_eta_unaware"
11,"alpha",1.38368040766,1.3705868,0.362215939157927,0.6893090515,2.1318800825,1.00051867105274,4718.38784327881,3263.73184953041,"log_trunc_global_eta_unaware"
11,"beta",0.71456083273,0.71160674,0.134495555550075,0.45601287725,0.98804818625,0.999576325634571,5281.29846635337,3097.56520449924,"log_trunc_global_eta_unaware"
11,"lambda",0.00523780365395162,0.0016989649,0.0083348010562327,1.61697726e-08,0.029216166925,1.00019198830139,4621.28226316968,2755.74294569065,"log_trunc_global_eta_unaware"
11,"delta",0.553857372979133,0.60466161,0.308984776828093,0.00507786774,1.0143473,1.00547159775448,2032.35134747465,2119.72474081971,"log_trunc_global_eta_unaware"
11,"eta",-0.565324496095725,-0.55076407,0.397710955886251,-1.3359008575,0.21629396825,1.00017473405267,4097.87483483826,3094.3014463318,"log_trunc_global_eta_unaware"
12,"alpha",3.898680190575,3.8694188,0.74460798924331,2.5538163825,5.4868409025,1.00058675584696,2222.48458284673,1546.81580158703,"log_trunc_global_eta_unaware"
12,"beta",0.451535990058525,0.44759171,0.161791463101279,0.1398576035,0.78059360525,0.999975458767887,5059.05600630952,3063.78343033128,"log_trunc_global_eta_unaware"
12,"lambda",0.086799187369603,0.0871952685,0.0387319736172303,0.0066442267475,0.16162181875,1.00146407579613,2060.22336370925,1112.81031891133,"log_trunc_global_eta_unaware"
12,"delta",1.29350455424204,1.2976565,0.372770976293785,0.2410878625,1.9728007325,1.00313646730703,2032.62859864027,510.887897046263,"log_trunc_global_eta_unaware"
12,"eta",-0.570355230330242,-0.582262225,0.490368623904295,-1.5448406625,0.4085592965,1.00120757302864,5242.20092347868,2805.28355621723,"log_trunc_global_eta_unaware"
13,"alpha",1.92397764930758,1.8929256,0.785342503584068,0.43353459975,3.5095445975,1.00220779263642,4166.23089819202,2309.91949776536,"log_trunc_global_eta_unaware"
13,"beta",1.7537325140375,1.75201165,0.275081903816938,1.222987305,2.3061945075,1.0010641439147,4398.66720410583,2989.51305074238,"log_trunc_global_eta_unaware"
13,"lambda",0.937176054565,0.95169071,0.0564615267420152,0.79681593625,0.99954787475,1.00054755693327,3848.44823202528,2834.49601620049,"log_trunc_global_eta_unaware"
13,"delta",1.32651147759127,1.3914347,0.458076018149148,0.060454464475,1.9712642675,1.00729482419843,765.017199912506,719.497917437492,"log_trunc_global_eta_unaware"
13,"eta",-0.737846574295235,-0.7232192,0.672989785578626,-2.145058645,0.65052963,1.00125005539074,3479.27134887613,2029.02523901055,"log_trunc_global_eta_unaware"
14,"alpha",4.9566347512,5.06312505,0.772103590358589,3.23641196,5.988104415,1.00285163720145,2353.04889733713,1580.25984327681,"log_trunc_global_eta_unaware"
14,"beta",0.94778870223,0.9314446,0.200995202815313,0.63189317725,1.49100948,1.00884440756316,516.773485060688,140.9909618199,"log_trunc_global_eta_unaware"
14,"lambda",0.00916490213052883,0.0033637112,0.0148019324371591,6.1711828875e-08,0.053321264875,1.0011243090526,3217.59747028502,1886.35839736613,"log_trunc_global_eta_unaware"
14,"delta",1.09713202660429,1.10135785,0.160371399377999,0.75690686275,1.3879526975,1.00357691544611,2130.21042258304,1368.503771012,"log_trunc_global_eta_unaware"
14,"eta",-2.8735736818225,-2.7679493,0.692938802627828,-4.7188413975,-1.849263315,1.01273488868346,444.834897528695,145.288267560977,"log_trunc_global_eta_unaware"
15,"alpha",1.1715051713975,1.15060565,0.353072745065243,0.57257967825,1.959313615,1.00102555899351,4841.72133779591,3303.03037059829,"log_trunc_global_eta_unaware"
15,"beta",0.3820657751719,0.377136895,0.114990938321483,0.1684224465,0.61813879125,1.00033572108362,5243.44558527699,3304.14224213641,"log_trunc_global_eta_unaware"
15,"lambda",0.0612540968336074,0.049067166,0.0558308400007641,6.8535173925e-06,0.193244234,1.00014887874586,2579.28909317228,2366.97999230659,"log_trunc_global_eta_unaware"
15,"delta",1.83932959105,1.87052015,0.13485660494413,1.536833395,1.99969674,1.00074765978422,2911.27597768871,2672.56126738778,"log_trunc_global_eta_unaware"
15,"eta",-0.320536123676695,-0.32708724,0.488008111216888,-1.2491592525,0.670194878750001,0.999803027639714,4011.26244773314,3129.72617402938,"log_trunc_global_eta_unaware"
16,"alpha",1.428324097695,1.40652185,0.396094028506935,0.705636918,2.26366975,0.99993176103932,4930.96966096747,3040.33435297469,"log_trunc_global_eta_unaware"
16,"beta",1.05240903793,1.0440879,0.168746102725398,0.73617012725,1.41141331,1.00038477026976,4282.23310245195,2638.6786501335,"log_trunc_global_eta_unaware"
16,"lambda",0.0146674288028543,0.0069337495,0.0186617122471245,2.7182511675e-07,0.0680808372,1.00001531496812,4075.16803322881,2695.69967916912,"log_trunc_global_eta_unaware"
16,"delta",0.96578211097908,0.75555896,0.611214705984508,0.045236149325,1.9943960525,1.00604994167282,830.657588022621,1719.41928151622,"log_trunc_global_eta_unaware"
16,"eta",-1.20509589042928,-1.20822935,0.664271136381095,-2.5344005625,0.2425066115,1.00315187229962,1785.21828474782,788.142720088904,"log_trunc_global_eta_unaware"
17,"alpha",0.961871214123878,0.93241886,0.482519200243362,0.10321616,1.9930513125,1.00038546377535,4076.2171084228,1551.67222953578,"log_trunc_global_eta_unaware"
17,"beta",1.6733858791975,1.65748325,0.2711047356004,1.1833955075,2.2311257025,1.00040611937264,4732.74018177354,3101.25280259761,"log_trunc_global_eta_unaware"
17,"lambda",0.135813046459615,0.136328015,0.0376342892923113,0.06331558475,0.209913857,0.999713428549104,4909.30174752265,3419.47146333602,"log_trunc_global_eta_unaware"
17,"delta",1.5532419064985,1.54782805,0.282921915391849,1.062506415,1.9963355675,1.00191903230586,2475.03761230877,1922.97365735198,"log_trunc_global_eta_unaware"
17,"eta",-1.27635484047675,-1.27870085,0.803904721836728,-2.8619882,0.37962216225,1.00314964482966,2596.09938771025,2646.4710752237,"log_trunc_global_eta_unaware"
18,"alpha",3.111093981625,3.07376425,0.536434817054499,2.168892535,4.25140675,1.00020807281205,4727.15163200672,3168.10194964485,"log_trunc_global_eta_unaware"
18,"beta",0.44178233313525,0.435982545,0.131976799215359,0.2016397535,0.70902782425,1.00114056133447,6404.6821133242,3011.458011592,"log_trunc_global_eta_unaware"
18,"lambda",0.0299341673149074,0.0214651025,0.0297576793272173,1.008306979e-06,0.1035945245,1.00036491965179,2334.20952976669,2379.10787757362,"log_trunc_global_eta_unaware"
18,"delta",0.703052682280603,0.71159704,0.217832335769434,0.24943521825,1.05155994,1.0021898686263,3513.87075674094,1975.18343290605,"log_trunc_global_eta_unaware"
18,"eta",-0.552609860315915,-0.561726625,0.404189338419742,-1.311471705,0.2274974215,1.00037164957885,4707.91951900273,2888.71015652626,"log_trunc_global_eta_unaware"
19,"alpha",1.8502295902875,1.83824305,0.511352129285151,0.87302515625,2.89053882,1.00088163459268,3303.68826696198,2581.2622384293,"log_trunc_global_eta_unaware"
19,"beta",0.42311588423647,0.42003004,0.151510910901501,0.12572739125,0.7296500815,1.00110652295225,5582.12290348916,3122.20164647697,"log_trunc_global_eta_unaware"
19,"lambda",0.170231038144779,0.168839845,0.0631153513669456,0.045249736425,0.2948188725,1.00159171576567,3677.35138762385,1835.05910997773,"log_trunc_global_eta_unaware"
19,"delta",1.08267213911711,1.3425711,0.659039417581122,0.001618237105,1.9638518075,1.00615014588502,562.591288581901,2124.1653193521,"log_trunc_global_eta_unaware"
19,"eta",-1.47865956569778,-1.4388807,0.675816619387086,-2.8713789375,-0.31371181125,1.00166754510818,651.856275357697,1901.48307319672,"log_trunc_global_eta_unaware"
20,"alpha",5.578221358825,5.69380125,0.393902656452099,4.5995258275,5.9977918125,1.00043293417576,3708.25972586337,2445.32292043078,"log_trunc_global_eta_unaware"
20,"beta",-0.164765493119562,-0.16827439,0.129543638444645,-0.40757481775,0.0839906233,1.00081955635757,4600.47019427211,3343.40769874201,"log_trunc_global_eta_unaware"
20,"lambda",0.0388186611069505,0.034480234,0.030610630193698,2.29916666e-05,0.10615534775,1.00081239685956,2067.70536534533,2179.17574228052,"log_trunc_global_eta_unaware"
20,"delta",1.39564063600293,1.549342,0.557183542559027,0.0288530774,1.99712807,1.00222885656617,677.681138852713,1203.98559348269,"log_trunc_global_eta_unaware"
20,"eta",-1.6642791995948,-1.6158396,0.952433281122338,-3.8189754425,0.0928712380250004,1.00061342014327,2227.00114252363,2461.94676647432,"log_trunc_global_eta_unaware"
21,"alpha",5.580699549725,5.6996028,0.398886970646741,4.5913360875,5.9976847075,1.00050285485735,3665.25327460204,2690.84371909091,"log_trunc_global_eta_unaware"
21,"beta",0.428389272639925,0.426011885,0.154623468235204,0.1317855205,0.7328578325,1.00080549362519,6001.90113598722,2891.34539428614,"log_trunc_global_eta_unaware"
21,"lambda",0.00494823270560764,0.0018568584,0.00732177755621182,9.5008299125e-08,0.026082839775,1.00241658466197,4000.10626327998,2548.12204768092,"log_trunc_global_eta_unaware"
21,"delta",0.251118868649815,0.186421285,0.234079997912757,0.0002070802825,0.84009265325,1.00134784392466,3205.02483567816,2320.64298085198,"log_trunc_global_eta_unaware"
21,"eta",-0.99490850427205,-0.992185895,0.480353071725565,-1.9433432925,-0.0749901829499998,1.00148340713069,5315.25265104464,3118.28680617044,"log_trunc_global_eta_unaware"
22,"alpha",3.766444708175,3.7488588,0.520675944716453,2.8182848,4.84867604,1.00188211079903,4162.92724667447,2440.1871466711,"log_trunc_global_eta_unaware"
22,"beta",-0.316017290385225,-0.31648332,0.124775448011043,-0.56404820675,-0.0685769321,1.00018648474066,5185.64153598147,3114.13262546506,"log_trunc_global_eta_unaware"
22,"lambda",0.0295623626010686,0.0194726185,0.0313874272314393,4.1580572125e-07,0.1097835045,1.00006649497903,3141.92090746787,2335.18971640027,"log_trunc_global_eta_unaware"
22,"delta",0.926414993921502,0.865863835,0.385411877172734,0.184233085,1.8650251875,1.00176134719231,2864.02676865657,1878.87041542049,"log_trunc_global_eta_unaware"
22,"eta",-0.864301016843487,-0.88008255,0.400692623925971,-1.63320519,-0.0544907216749999,1.00128701821196,4690.46429236801,3157.58056887747,"log_trunc_global_eta_unaware"
23,"alpha",3.386733478475,3.35418755,0.648937290363691,2.191280675,4.7594534775,1.0028783969046,1595.73045184425,2400.21417955409,"log_trunc_global_eta_unaware"
23,"beta",0.6438179157025,0.64009051,0.159075999016226,0.34516443025,0.9653879965,1.00171705517597,6967.30756660415,2764.99144347075,"log_trunc_global_eta_unaware"
23,"lambda",0.0228925285843812,0.0146094385,0.0246944520644824,5.9351119825e-07,0.08556274175,1.00033158883064,2947.51639486167,2540.59859943656,"log_trunc_global_eta_unaware"
23,"delta",0.61394808061783,0.414335185,0.532664123295216,0.00068975564775,1.51724642,1.00978183632916,514.136397104243,3093.07937971097,"log_trunc_global_eta_unaware"
23,"eta",-1.11202076819125,-1.1651018,0.619840330752079,-2.183841225,0.39701565925,1.00731144878172,1704.61528075018,1102.7199056286,"log_trunc_global_eta_unaware"
