ParticipantID,exp,model_group,model_index,prior_color,accuracy,optimal_choice,NTrials,alpha,beta,lambda,delta,eta
11696534,11,Implicit Aware,1,1,64.5833333333333,66.25,240,1.9366515765075,0.64174373708,0.056504218797581,1.3253283898375,0.0227650225443598
11696594,11,Implicit Aware,2,2,65,66.6666666666667,240,2.170531789545,0.8694932537925,0.0481009289953482,1.0962502888825,0.042829103952805
11710204,11,Implicit Aware,3,1,63.75,51.25,240,5.2254031192,0.213719565243557,0.0484561164569778,0.680235427356167,-0.237658658743183
11710205,11,Implicit Aware,4,2,53.3333333333333,59.1666666666667,240,0.389881986992678,0.119175604733331,0.0642474063304107,0.540839794751775,-0.288507063466144
11710206,11,Implicit Aware,5,2,62.5,50.8333333333333,240,3.765815198625,0.580718861191375,0.2549697340275,0.683982340229996,-0.426551439188
11710209,11,Implicit Aware,6,1,64.5833333333333,61.25,240,1.542947844845,0.7149866281375,0.0273458116456594,0.9682414214075,0.0595709584620122
11710211,11,Implicit Aware,7,2,59.1666666666667,69.1666666666667,240,0.130082819453156,0.227285192373425,0.095710529997122,1.1247420092925,-0.0505682222827282
11710214,11,Implicit Aware,8,1,57.0833333333333,50.4166666666667,240,2.7192212288425,-0.401198683023497,0.20640607059865,0.40195129042349,-0.51493107200513
11710215,11,Implicit Aware,9,2,67.0833333333333,48.75,240,3.614645382575,0.0156019422254015,0.0389890630752288,0.844088131845833,-0.481057205302
11710223,11,Implicit Aware,10,2,61.6666666666667,60.8333333333333,240,1.02033850047615,0.42931549497075,0.105350229382822,0.80333601961,-0.124636865331215
11710225,11,Implicit Aware,11,2,64.5833333333333,52.0833333333333,240,2.14361285197,0.9109643175075,0.12612954935766,0.67125563710504,-0.226482981306005
11710234,11,Implicit Aware,12,2,59.5833333333333,52.9166666666667,240,0.266442569211367,0.5706213045025,0.0417125197369411,0.754531013632725,-0.373828426355032
11710244,11,Implicit Aware,13,1,65,54.1666666666667,240,5.665589503175,0.027512458404896,0.0152227691829002,0.558512530961375,-0.41092866907895
11710247,11,Implicit Aware,14,2,65.4166666666667,54.5833333333333,240,2.8433527481,0.23145286536065,0.0298625832083784,0.764918307292496,-0.20577417397892
11710250,11,Implicit Aware,15,1,70,60,240,2.984125574025,-0.0677882769623917,0.0401793342846125,0.9734916518284,-0.195950481402467
12075645,11,Implicit Aware,16,1,69.1666666666667,64.1666666666667,240,4.02467879695,-0.0378099957304225,0.106588277665795,0.99606394185025,-0.0920017609221248
12075654,11,Implicit Aware,17,1,57.0833333333333,62.9166666666667,240,0.169766444597453,0.32625465079755,0.0731094625615019,0.9645942898625,-0.14490275445349
12075666,11,Implicit Aware,18,2,60.4166666666667,57.0833333333333,240,3.61311848865,0.413594070132575,0.0363366611264324,0.90963586915035,-0.266477427721302
12075667,11,Implicit Aware,19,2,64.1666666666667,74.1666666666667,240,0.253346551158462,0.6929957064175,0.0210015044429189,1.431344830025,0.32392247629865
12075673,11,Implicit Aware,20,2,64.5833333333333,54.5833333333333,240,3.59073186045,0.33141156045071,0.102576687996258,0.925217708904034,-0.267576314046493
12075676,11,Implicit Aware,21,1,68.75,54.5833333333333,240,3.9743587323,0.525635245861,0.0635790038888389,1.217954388395,-0.0390929442770347
12075678,11,Implicit Aware,22,1,62.9166666666667,57.0833333333333,240,0.34618621724509,1.094416149675,0.109291996674653,0.779676397168,0.046037068158167
12075679,11,Implicit Aware,23,2,68.3333333333333,60,240,4.961950379925,0.0269189253480609,0.070905120387495,0.96522285878405,-0.183308617265777
12075682,11,Implicit Aware,24,1,70.4166666666667,57.9166666666667,240,2.2061619718475,1.231968058465,0.0589216559131647,0.901067432881175,-0.13462336286647
12075683,11,Implicit Aware,25,2,68.75,58.75,240,5.3526197991,0.311949866760445,0.0116905844102944,0.998061541521375,-0.147485031560282
12075685,11,Implicit Aware,26,1,61.25,72.0833333333333,240,0.18164657203742,0.3489067119255,0.066757599880964,1.32215651507,-0.0986585565160047
12075687,11,Implicit Aware,27,1,60.8333333333333,58.3333333333333,240,1.192075796245,-0.145407081887583,0.0400578050880627,1.0501261143425,-0.287335087544538
12075691,11,Implicit Aware,28,2,62.0833333333333,52.9166666666667,240,2.36989437219,0.54798080897925,0.144178001291495,0.350541807342636,0.00052954047253025
12075708,11,Implicit Aware,29,2,60.8333333333333,59.1666666666667,240,5.10555742905,0.136176773515056,0.0817532946962925,0.80883016563145,-0.0533640023610785
12075709,11,Implicit Aware,30,1,64.5833333333333,56.25,240,5.514855309675,0.132523561748033,0.0919466764546925,0.723635487546375,-0.403946136693
12075718,11,Implicit Aware,31,2,62.5,50.8333333333333,240,5.65018269535,-0.342561891184333,0.1115106811861,0.8534346950381,-0.463057171163
12076229,11,Implicit Aware,32,2,71.6666666666667,64.1666666666667,240,2.95142482175,0.8751841121125,0.0157160468089437,0.9159334677075,0.289880167693475
11696510,11,Implicit Unaware,1,1,61.6666666666667,58.3333333333333,240,0.633620651619605,0.72638106028,0.0672588862942766,0.502670648678857,-0.146996383749257
11696542,11,Implicit Unaware,2,1,64.5833333333333,50.4166666666667,240,5.4146777689,0.7438294159625,0.042007291591945,0.840354541183318,-0.155074869543566
11710202,11,Implicit Unaware,3,1,65.8333333333333,57.5,240,1.4833790383725,1.0608547504625,0.0711047556429925,1.14272165852173,-0.149014929184007
11710207,11,Implicit Unaware,4,2,64.5833333333333,58.75,240,1.548107548434,0.762697658635,0.1751001847715,0.358514168680902,-0.150522800585758
11710212,11,Implicit Unaware,5,1,65.8333333333333,56.6666666666667,240,3.182987177875,1.83309163089,0.0298570932510397,0.766362662190972,-0.14673357426182
11710217,11,Implicit Unaware,6,1,62.0833333333333,55.4166666666667,240,2.429234278505,1.4200746922475,0.16083746321475,0.490940928624939,-0.148977949482516
11710220,11,Implicit Unaware,7,1,65.8333333333333,56.6666666666667,240,5.14475930515,0.26806998211146,0.0930701301192975,0.394152793670442,-0.14689796731245
11710229,11,Implicit Unaware,8,2,62.9166666666667,56.25,240,5.053447094975,0.6857412870265,0.166116235132,0.803695309568913,-0.1590608824671
11710230,11,Implicit Unaware,9,1,63.75,53.75,240,5.069964854425,0.116286508213699,0.0816286650259625,0.476890718502247,-0.139275852987487
11710237,11,Implicit Unaware,10,1,66.6666666666667,60,240,5.6806737398,0.452086479467791,0.074852185664775,0.645083541428245,-0.152430225755735
11710286,11,Implicit Unaware,11,2,65.8333333333333,48.3333333333333,240,3.3811173622,0.361107389571575,0.090024396293753,1.18392564496126,-0.15782914778645
12075664,11,Implicit Unaware,12,2,57.5,49.1666666666667,240,0.288709630349426,0.79322982455,0.0656339216041615,1.28502878230722,-0.164347564469675
12075669,11,Implicit Unaware,13,1,67.5,60,240,4.8431002279,-0.52097462873425,0.0695674646307775,0.852908442860412,-0.137994896190737
12075672,11,Implicit Unaware,14,2,70.4166666666667,56.25,240,3.997930895975,0.647954062885,0.04855488276893,0.419113225514253,-0.150195213880175
12075674,11,Implicit Unaware,15,1,71.25,62.0833333333333,240,5.591538835125,0.165534996958215,0.0608275869628275,0.896026131730843,-0.143404775765442
12075675,11,Implicit Unaware,16,1,64.1666666666667,55,240,3.9948063985,0.40675190856835,0.1207857019024,0.374397216165853,-0.142078737166273
12075677,11,Implicit Unaware,17,2,57.5,53.3333333333333,240,0.635507625372369,0.902327954025,0.096251998566495,0.739002213632513,-0.1615764362142
12075694,11,Implicit Unaware,18,2,65.8333333333333,53.3333333333333,240,4.337752679775,0.35778156052405,0.036265990748902,0.308111910425467,-0.15104673204646
12075699,11,Implicit Unaware,19,2,67.9166666666667,60.4166666666667,240,2.800584778925,1.0865904994675,0.045045368682765,0.89079302733647,-0.130549114712911
12075712,11,Implicit Unaware,20,1,70,55,240,4.484782629025,0.86325946528,0.0192456894215405,0.781714603026134,-0.144594467430975
14064208,12,Explicit Undirected,1,1,67.0833333333333,59.5833333333333,240,4.94652793155,1.0799903489575,0.08942383142455,1.0348185841275,-0.0331929668669159
14064212,12,Explicit Undirected,2,2,67.0833333333333,57.0833333333333,240,5.5421786353,-0.216205769177577,0.0639507319514425,0.9874189454625,-0.3634715581162
14064214,12,Explicit Undirected,3,1,62.0833333333333,60.4166666666667,240,2.2115614489575,1.1531192264375,0.28731341308025,1.02320872339,-0.020993164239552
14064250,12,Explicit Undirected,4,2,66.25,56.25,240,3.257356352875,0.71429382413,0.07798988817583,1.000808296395,0.0070806098689305
14064879,12,Explicit Undirected,5,2,62.0833333333333,58.75,240,0.350668014723401,0.26372854957945,0.123565811263792,1.0132807441775,-0.239233481469677
14162208,12,Explicit Undirected,6,1,62.9166666666667,60.4166666666667,240,2.2671983776875,0.7190974586425,0.119482803680322,1.02543267604,-0.00481115051284923
14162209,12,Explicit Undirected,7,1,64.1666666666667,60,240,3.391516322275,1.3219282713575,0.11153288326275,0.94612212765125,-0.101058268063474
14162210,12,Explicit Undirected,8,1,68.75,60.4166666666667,240,5.025957619475,0.150791190431648,0.0352001146611228,0.99174428416,0.0557999090811547
14162216,12,Explicit Undirected,9,2,58.75,53.75,240,0.955643162602656,1.4346823096,0.1315913047895,0.951915855755,-0.258657536529335
14162222,12,Explicit Undirected,10,2,66.25,63.75,240,3.40172386085,0.554532842222125,0.0929038152421375,1.0193458746875,0.0904698154631652
14162245,12,Explicit Undirected,11,2,64.5833333333333,53.75,240,5.702811252975,-0.037682017861552,0.0391780003350859,0.97322539475,-0.181625422296882
14162265,12,Explicit Undirected,12,2,66.25,56.25,240,0.857385062801951,1.4776147075025,0.0518351085883975,0.9519192405,-0.061657636484545
14162268,12,Explicit Undirected,13,1,62.0833333333333,59.5833333333333,240,0.543901889899574,1.370413021525,0.093345119721325,1.0176258845575,-0.152237888506
14162269,12,Explicit Undirected,14,1,69.1666666666667,64.1666666666667,240,3.688921392,0.261853725872855,0.0280837372619311,1.0707200288325,0.190780161314463
14162278,12,Explicit Undirected,15,2,62.9166666666667,57.0833333333333,240,5.59702205465,-0.50730912992325,0.05304811917674,0.9581406825075,-0.234968503596105
14162296,12,Explicit Undirected,16,2,69.5833333333333,63.75,240,5.6927282404,-0.188020150178163,0.06257445297199,0.9959412533025,0.0988076381729627
14162334,12,Explicit Undirected,17,1,71.6666666666667,58.3333333333333,240,4.463807807825,0.39818100126858,0.074815366855545,0.92772913786575,-0.131819424605488
14162335,12,Explicit Undirected,18,2,59.5833333333333,57.9166666666667,240,0.467765645462463,0.94681211462,0.144398379604875,1.0448815377725,-0.120855366830803
14162350,12,Explicit Undirected,19,1,62.5,60,240,2.9473419786,0.23792405383629,0.0526938053439587,1.0033343788075,-0.109076952498786
14162386,12,Explicit Undirected,20,2,65.4166666666667,52.9166666666667,240,4.753744732325,0.103019566745087,0.0470440536723145,0.9548561381125,-0.17440028350684
14162394,12,Explicit Undirected,21,2,62.9166666666667,49.5833333333333,240,4.7923219818,0.0990870881014425,0.0293108415981445,0.9840445488925,-0.31857423927994
14162428,12,Explicit Undirected,22,1,56.6666666666667,54.1666666666667,240,0.221562199907902,1.344659963735,0.122880974479,0.9414040420375,-0.257101837699125
14162434,12,Explicit Undirected,23,2,61.6666666666667,58.3333333333333,240,0.32552936779252,1.06712277323,0.1382724258802,0.93468358799875,-0.189733311166356
14162440,12,Explicit Undirected,24,2,54.5833333333333,61.25,240,1.65323929705,-0.169468561898255,0.100462229619579,1.0277623825325,-0.0988126113742975
14162457,12,Explicit Undirected,25,1,66.6666666666667,58.3333333333333,240,3.6907320734,0.36068746173587,0.120622394491,0.890525722862,-0.0999843657465834
14162638,12,Explicit Undirected,26,1,54.5833333333333,56.25,240,0.155012667364053,0.6434412144725,0.242796663622025,0.838012221916,-0.292868518206405
15938034,13,Explicit Deceptive,1,1,60.4166666666667,46.25,240,3.89319636515,-0.0890715319611625,0.2992307295675,1.03324321279275,-0.9126606619025
15938038,13,Explicit Deceptive,2,2,57.5,56.6666666666667,240,0.66983521154281,0.57055005923375,0.52841049374425,1.16399127438,-0.380478124393242
15938041,13,Explicit Deceptive,3,1,63.75,51.25,240,2.3150754071,0.30056594306725,0.00707821702193754,0.837916854419307,-0.559441594501225
15938046,13,Explicit Deceptive,4,2,70,65,240,0.406467830850608,1.5080020433625,0.0822192638296672,1.2037318784025,0.245598851351113
15938084,13,Explicit Deceptive,5,2,55,52.5,240,0.390597195590457,0.42458040127325,0.04092033091925,0.803437352034095,-0.516456382967575
16001800,13,Explicit Deceptive,6,1,62.9166666666667,52.0833333333333,240,3.4447556226975,0.6131798619195,0.121892112598161,0.880519230841975,-0.44079826696025
16001805,13,Explicit Deceptive,7,2,60,44.1666666666667,240,4.91515069505,0.4471948303838,0.206837134847,1.2143023246675,-0.718061048495
16001814,13,Explicit Deceptive,8,2,65.4166666666667,51.25,240,0.50171657297452,1.43034015853,0.0512926947771159,1.10471625270878,-0.353256597161728
16001818,13,Explicit Deceptive,9,1,65,55.8333333333333,240,2.957029334945,1.92502624205,0.0405426126247747,1.13568681360158,-0.27452463854209
16001828,13,Explicit Deceptive,10,1,60.8333333333333,55.8333333333333,240,3.43211852585,0.53860970646025,0.1778723604324,0.91747181700435,-0.184843685679483
16001832,13,Explicit Deceptive,11,2,61.25,53.75,240,1.22328237796025,0.7176941460525,0.00502916106087098,0.84872784683905,-0.241920224710908
16001834,13,Explicit Deceptive,12,1,70.4166666666667,55.4166666666667,240,3.620388942425,0.45700498225105,0.0848010686225449,1.11662752023048,-0.197644713623677
16001835,13,Explicit Deceptive,13,1,52.0833333333333,50.4166666666667,240,1.944553845367,1.68569169035,0.93137267085,1.07279287184411,-0.485835208831177
16001840,13,Explicit Deceptive,14,2,64.1666666666667,45.8333333333333,240,3.16176269765,0.821305577345,0.0207749499279274,1.1374393227225,-0.60101618073
16001842,13,Explicit Deceptive,15,2,53.3333333333333,42.5,240,1.0955415231125,0.412086474985,0.0551809835913976,1.38960782796751,-0.49378764018622
16001847,13,Explicit Deceptive,16,1,62.9166666666667,47.9166666666667,240,1.4446364439675,0.9662189832075,0.0145246575749447,1.188280536348,-0.40386082718025
16003018,13,Explicit Deceptive,17,1,65,53.3333333333333,240,0.943367954100901,1.567616558755,0.132266526936394,1.11204564545846,-0.339557787060754
16023151,13,Explicit Deceptive,18,1,68.3333333333333,60.8333333333333,240,2.948598909125,0.43137178267825,0.0317658569011297,0.897445520010444,-0.186405589730662
16023171,13,Explicit Deceptive,19,2,61.25,49.5833333333333,240,1.622289288355,0.4461863823755,0.161602249062956,1.04872995161593,-0.72961728852925
16023209,13,Explicit Deceptive,20,1,65,45,240,5.4455510856,-0.108881220486181,0.0440564328987315,1.2892599251525,-0.67545278316225
16026769,13,Explicit Deceptive,21,2,63.75,46.25,240,0.378206870987879,0.3357078491375,0.0102057975705248,0.789461556936836,-1.1120878289925
16029770,13,Explicit Deceptive,22,1,69.5833333333333,55.4166666666667,240,5.469264127625,0.41988642941645,0.00529623439222094,1.06102353092798,-0.3392411283157
16029774,13,Explicit Deceptive,23,2,65.8333333333333,55.8333333333333,240,3.46783634145,-0.235503141310995,0.0356694952684984,1.07407954410352,-0.289666598737693
16029776,13,Explicit Deceptive,24,1,70,55,240,2.968399830825,0.6150244098325,0.0233959010035821,1.08211977413848,-0.213760331403837
15938039,13,Explicit Truthful,1,1,68.3333333333333,54.1666666666667,240,4.89188911045,0.384938558561862,0.0279580794478114,1.0997566529825,-0.0713774424788403
15938042,13,Explicit Truthful,2,1,60.8333333333333,62.5,240,1.60289248586,0.770003967595,0.0243483964696228,1.2149345044225,0.081084525698299
15938043,13,Explicit Truthful,3,2,72.5,57.5,240,5.671658421525,0.046444477138954,0.0408319473716938,1.291931093105,0.0614746344578493
15938057,13,Explicit Truthful,4,2,68.3333333333333,60,240,5.467193311575,0.27138706348818,0.0264935088200418,1.1884958228,0.178263076872375
16001799,13,Explicit Truthful,5,1,70.8333333333333,54.1666666666667,240,5.329245409725,0.495428661932045,0.0203690067796614,1.106868498715,-0.119004101194825
16001810,13,Explicit Truthful,6,2,69.1666666666667,77.5,240,1.0369639817725,0.119948546622308,0.0519187539157831,1.3196263517775,0.201728058523512
16001812,13,Explicit Truthful,7,1,68.75,59.5833333333333,240,5.168969485475,0.61426789942375,0.0182464431775723,0.974059030565,0.0781026085499076
16001813,13,Explicit Truthful,8,2,64.5833333333333,58.75,240,5.5798878347,-0.112260450947285,0.0500137097076325,1.2183289754475,0.0305283777863777
16001822,13,Explicit Truthful,9,1,72.5,68.3333333333333,240,3.0781691764475,0.8281085120725,0.0722166827470685,1.270998927155,0.184728177199213
16001823,13,Explicit Truthful,10,2,70,60,240,5.565338323175,-0.27813680619867,0.09679251709493,0.94549348247025,-0.220638633514127
16001825,13,Explicit Truthful,11,2,66.6666666666667,55,240,4.162611815575,0.5853237197095,0.0790780121938225,1.1932691326675,0.0200687457599895
16001827,13,Explicit Truthful,12,1,61.6666666666667,60,240,3.6832454011,0.760580917175,0.099973541444485,1.1920625646625,-0.09493294214712
16001829,13,Explicit Truthful,13,2,66.6666666666667,62.5,240,5.211019558625,-0.00863420362315775,0.052038419206655,1.1088745419625,0.103433570821283
16001833,13,Explicit Truthful,14,2,65.8333333333333,58.3333333333333,240,5.58795914025,-0.164219639668041,0.0428451407468055,1.360864294835,0.23454212554706
16001836,13,Explicit Truthful,15,1,71.6666666666667,65,240,3.389706692275,1.072312795345,0.0446387161728346,1.0442436748,0.40204960822375
16001837,13,Explicit Truthful,16,1,61.6666666666667,70,240,0.304755776677596,0.7164900191975,0.0949490710831085,1.04972445923,0.439586227223045
16001846,13,Explicit Truthful,17,1,70,65.8333333333333,240,2.83190077094,0.301726072412613,0.16285182372075,1.249363073575,0.133164980738003
16001860,13,Explicit Truthful,18,2,63.75,53.75,240,1.23615395729225,1.4555355029875,0.0187956897582092,1.2482313286675,0.108589271963517
16002987,13,Explicit Truthful,19,2,66.25,57.9166666666667,240,5.06248107855,0.192593271945676,0.0684651927730751,1.231410296425,-0.0894076018610655
16003000,13,Explicit Truthful,20,1,65,57.5,240,2.0350197559475,0.225365480099245,0.1958430502308,1.245336968025,-0.237277079273903
16023140,13,Explicit Truthful,21,1,71.25,68.75,240,3.091915534075,0.479429431374875,0.0187199711402887,1.275854024205,0.517837081954475
16023183,13,Explicit Truthful,22,1,58.3333333333333,55,240,4.9770568314,-0.212852156498868,0.04450772883711,1.31454980500225,-0.0710447484076223
16024033,13,Explicit Truthful,23,1,70.4166666666667,58.75,240,5.084026137375,0.6208461488215,0.0209676163615616,1.204897935625,0.35637551238629
16029771,13,Explicit Truthful,24,2,63.3333333333333,57.5,240,4.3291942486,0.6547016257275,0.049786506793892,1.10568724540375,-0.234239472291225
16029787,13,Explicit Truthful,25,2,54.5833333333333,50.4166666666667,240,0.507607539189002,0.0196258800008116,0.0560244519621805,1.43854691244,-0.0358668392843382
